Hugo_Symbol,Chromosome,Start_Position,End_Position,Reference_Allele,Variant_Allele,Mutation_Type,Protein_Change
ACVR2A,2,147926117,147926117,A,-,Frame_Shift_Del,p.K437Rfs*5
ADD3,10,110133592,110133592,A,-,Frame_Shift_Del,p.K701Rfs*8
ADD3,10,110133591,110133592,-,A,Frame_Shift_Ins,p.E702Gfs*4
AKAP7,6,131160136,131160136,A,-,Frame_Shift_Del,p.K79Rfs*21
ANO10,3,43605721,43605721,T,-,Frame_Shift_Del,p.D45Mfs*12
BAX,19,48955714,48955714,G,-,Frame_Shift_Del,p.E41Rfs*19
CCDC178,18,33333179,33333180,TT,-,Frame_Shift_Del,p.K291Nfs*11
CKAP2,13,52474899,52474899,A,-,Frame_Shift_Del,p.K605Rfs*14
DDX27,20,49241967,49241967,A,-,Frame_Shift_Del,p.K660Rfs*4
DNAH12,3,57523586,57523586,T,-,Frame_Shift_Del,p.G93Dfs*7
DOCK3,3,51380173,51380173,C,-,Frame_Shift_Del,p.P1852Qfs*45
DYNC1I2,2,171692828,171692829,-,A,Frame_Shift_Ins,p.R57Kfs*5
ENO4,10,116859117,116859117,A,-,Frame_Shift_Del,p.K207Rfs*32
ESRP1,8,94674383,94674383,A,-,Frame_Shift_Del,p.N512Tfs*2
MARCKS,6,113860034,113860034,A,-,Frame_Shift_Del,p.K155Rfs*12
MIS18BP1,14,45246816,45246816,T,-,Frame_Shift_Del,p.K157Nfs*24
MIS18BP1,14,45246816,45246817,TT,-,Frame_Shift_Del,p.K157Ifs*8
MNS1,15,56444525,56444526,TT,-,Frame_Shift_Del,p.K202Afs*5
MSH3,5,80675096,80675096,A,-,Frame_Shift_Del,p.K383Rfs*32
MXRA8,1,1354730,1354730,G,-,Frame_Shift_Del,p.R301Gfs*107
NDUFC2,11,78073101,78073102,AA,-,Frame_Shift_Del,p.F69Cfs*9
PDS5B,13,32770749,32770750,-,A,Frame_Shift_Ins,p.N1390Kfs*13
PDS5B,13,32770750,32770750,A,-,Frame_Shift_Del,p.N1390Mfs*4
PHF2,9,93660330,93660330,A,-,Frame_Shift_Del,p.K492Rfs*6
RBM27,5,146267757,146267757,A,-,Frame_Shift_Del,p.K816Nfs*5
RNF43,17,58357800,58357800,C,-,Frame_Shift_Del,p.G659Vfs*41
RPL22,1,6197725,6197725,T,-,Frame_Shift_Del,p.K15Rfs*5
SAFB2,19,5587271,5587271,G,-,Frame_Shift_Del,p.P945Rfs*49
SEC31A,4,82864412,82864412,T,-,Frame_Shift_Del,p.I462Lfs*16
SEC31A,4,82864411,82864412,-,T,Frame_Shift_Ins,p.I462Nfs*2
SERPINB10,18,63917505,63917505,A,-,Frame_Shift_Del,p.R76Gfs*7
SETD1B,12,121804752,121804752,C,-,Frame_Shift_Del,p.H8Tfs*27
SLC35F5,2,113742700,113742700,A,-,Frame_Shift_Del,p.C248Afs*22
TBC1D23,3,100320892,100320892,A,-,Frame_Shift_Del,p.K649Nfs*18
TCF7L2,10,113165558,113165558,A,-,Frame_Shift_Del,p.K485Sfs*23
TEAD2,19,49347216,49347216,G,-,Frame_Shift_Del,p.H299Mfs*12
TEAD2,19,49347216,49347217,GG,-,Frame_Shift_Del,p.H299Cfs*18
TVP23A,16,10773346,10773346,A,-,Frame_Shift_Del,p.F140Lfs*7
WDR55,5,140669517,140669517,A,-,Frame_Shift_Del,p.K341Rfs*8
XYLT2,17,50356606,50356606,C,-,Frame_Shift_Del,p.G529Afs*78
ZBTB20,3,114339156,114339156,G,-,Frame_Shift_Del,p.P692Lfs*43
ZNF518A,10,96159099,96159099,A,-,Frame_Shift_Del,p.T929Lfs*2