Hugo_Symbol,Entrez_Gene_Id,NCBI_Build,Chromosome,Start_Position,End_Position,Strand,Variant_Classification,Variant_Type,Reference_Allele,Tumor_Seq_Allele1,HGVSp_Short
ACVR2A,92,GRCh38,chr2,147926117,147926117,+,Frame_Shift_Del,DEL,A,-,p.K437Rfs*5
ACVR2A,92,GRCh38,chr2,147926117,147926117,+,Frame_Shift_Del,DEL,A,-,p.K437Rfs*5
ADD3,120,GRCh38,chr10,110133592,110133592,+,Frame_Shift_Del,DEL,A,-,p.K701Rfs*8
ADD3,120,GRCh38,chr10,110133591,110133592,+,Frame_Shift_Ins,INS,-,A,p.E702Gfs*4
AKAP7,9465,GRCh38,chr6,131160136,131160136,+,Frame_Shift_Del,DEL,A,-,p.K79Rfs*21
ANO10,55129,GRCh38,chr3,43605721,43605721,+,Frame_Shift_Del,DEL,T,-,p.D45Mfs*12
BAX,581,GRCh38,chr19,48955714,48955714,+,Frame_Shift_Del,DEL,G,-,p.E41Rfs*19
CCDC178,374864,GRCh38,chr18,33333179,33333180,+,Frame_Shift_Del,DEL,TT,-,p.K291Nfs*11
CKAP2,26586,GRCh38,chr13,52474899,52474899,+,Frame_Shift_Del,DEL,A,-,p.K605Rfs*14
DDX27,55661,GRCh38,chr20,49241967,49241967,+,Frame_Shift_Del,DEL,A,-,p.K660Rfs*4
DNAH12,201625,GRCh38,chr3,57523586,57523586,+,Frame_Shift_Del,DEL,T,-,p.G93Dfs*7
DOCK3,1795,GRCh38,chr3,51380173,51380173,+,Frame_Shift_Del,DEL,C,-,p.P1852Qfs*45
DYNC1I2,1781,GRCh38,chr2,171692828,171692829,+,Frame_Shift_Ins,INS,-,A,p.R57Kfs*5
ENO4,387712,GRCh38,chr10,116859117,116859117,+,Frame_Shift_Del,DEL,A,-,p.K207Rfs*32
ESRP1,54845,GRCh38,chr8,94674383,94674383,+,Frame_Shift_Del,DEL,A,-,p.N512Tfs*2
ESRP1,54845,GRCh38,chr8,94674383,94674383,+,Frame_Shift_Del,DEL,A,-,p.N512Tfs*2
MARCKS,0,GRCh38,chr6,113860034,113860034,+,Frame_Shift_Del,DEL,A,-,p.K155Rfs*12
MIS18BP1,55320,GRCh38,chr14,45246816,45246816,+,Frame_Shift_Del,DEL,T,-,p.K157Nfs*24
MIS18BP1,55320,GRCh38,chr14,45246816,45246817,+,Frame_Shift_Del,DEL,TT,-,p.K157Ifs*8
MNS1,55329,GRCh38,chr15,56444525,56444526,+,Frame_Shift_Del,DEL,TT,-,p.K202Afs*5
MSH3,4437,GRCh38,chr5,80675096,80675096,+,Frame_Shift_Del,DEL,A,-,p.K383Rfs*32
MSH3,4437,GRCh38,chr5,80675096,80675096,+,Frame_Shift_Del,DEL,A,-,p.K383Rfs*32
MXRA8,54587,GRCh38,chr1,1354730,1354730,+,Frame_Shift_Del,DEL,G,-,p.R301Gfs*107
NDUFC2,4718,GRCh38,chr11,78073101,78073102,+,Frame_Shift_Del,DEL,AA,-,p.F69Cfs*9
PDS5B,23047,GRCh38,chr13,32770749,32770750,+,Frame_Shift_Ins,INS,-,A,p.N1390Kfs*13
PDS5B,23047,GRCh38,chr13,32770750,32770750,+,Frame_Shift_Del,DEL,A,-,p.N1390Mfs*4
PHF2,5253,GRCh38,chr9,93660330,93660330,+,Frame_Shift_Del,DEL,A,-,p.K492Rfs*6
RBM27,54439,GRCh38,chr5,146267757,146267757,+,Frame_Shift_Del,DEL,A,-,p.K816Nfs*5
RNF43,54894,GRCh38,chr17,58357800,58357800,+,Frame_Shift_Del,DEL,C,-,p.G659Vfs*41
RPL22,6146,GRCh38,chr1,6197725,6197725,+,Frame_Shift_Del,DEL,T,-,p.K15Rfs*5
SAFB2,9667,GRCh38,chr19,5587271,5587271,+,Frame_Shift_Del,DEL,G,-,p.P945Rfs*49
SEC31A,22872,GRCh38,chr4,82864412,82864412,+,Frame_Shift_Del,DEL,T,-,p.I462Lfs*16
SEC31A,22872,GRCh38,chr4,82864411,82864412,+,Frame_Shift_Ins,INS,-,T,p.I462Nfs*2
SERPINB10,5273,GRCh38,chr18,63917505,63917505,+,Frame_Shift_Del,DEL,A,-,p.R76Gfs*7
SETD1B,23067,GRCh38,chr12,121804752,121804752,+,Frame_Shift_Del,DEL,C,-,p.H8Tfs*27
SLC35F5,80255,GRCh38,chr2,113742700,113742700,+,Frame_Shift_Del,DEL,A,-,p.C248Afs*22
TBC1D23,55773,GRCh38,chr3,100320892,100320892,+,Frame_Shift_Del,DEL,A,-,p.K649Nfs*18
TCF7L2,6934,GRCh38,chr10,113165558,113165558,+,Frame_Shift_Del,DEL,A,-,p.K485Sfs*23
TEAD2,8463,GRCh38,chr19,49347216,49347216,+,Frame_Shift_Del,DEL,G,-,p.H299Mfs*12
TEAD2,8463,GRCh38,chr19,49347216,49347217,+,Frame_Shift_Del,DEL,GG,-,p.H299Cfs*18
TVP23A,780776,GRCh38,chr16,10773346,10773346,+,Frame_Shift_Del,DEL,A,-,p.F140Lfs*7
WDR55,54853,GRCh38,chr5,140669517,140669517,+,Frame_Shift_Del,DEL,A,-,p.K341Rfs*8
XYLT2,64132,GRCh38,chr17,50356606,50356606,+,Frame_Shift_Del,DEL,C,-,p.G529Afs*78
ZBTB20,26137,GRCh38,chr3,114339156,114339156,+,Frame_Shift_Del,DEL,G,-,p.P692Lfs*43
ZNF518A,9849,GRCh38,chr10,96159099,96159099,+,Frame_Shift_Del,DEL,A,-,p.T929Lfs*2